"","sample_no","image_name","year","age","sex_histology","maturation_status_histology","maturity","anu_adj","radcap","length_mm","Increment1","Increment2","Increment3","Increment4","Increment5","Increment6","Increment7","anu1","anu2","anu3","anu4","anu5","anu6","anu7"
"1",2,"17NPRB000204S1S2",2017,"4","Female","4","mature",0.297,3.284,200,1.976,0.73,0.281,0.297,NA,NA,NA,1.976,0.73,0.281,0.297,0,0,0
"2",3,"17NPRB000306S1S3",2017,"6","Female","4","mature",0.101,4.553,211,1.597,1.451,0.57,0.509,0.325,0.101,NA,1.597,1.451,0.57,0.509,0.325,0.101,0
"3",4,"17NPRB000404S1S4",2017,"4","Female","4","mature",0.343,4.2,208,1.952,1.249,0.656,0.343,NA,NA,NA,1.952,1.249,0.656,0.343,0,0,0
"4",9,"17NPRB000906S1S9",2017,"6","Female","4","mature",0.159,5.262,219,1.859,1.262,0.831,0.561,0.59,0.159,NA,1.859,1.262,0.831,0.561,0.59,0.159,0
"5",16,"17NPRB001603S2S1",2017,"3","Female","4","mature",0.501,2.872,180,1.471,0.9,0.501,NA,NA,NA,NA,1.471,0.9,0.501,0,0,0,0
"6",18,"17NPRB001804S2S3",2017,"4","Female","3","mature",0.169,3.017,180,1.253,1.077,0.518,0.169,NA,NA,NA,1.253,1.077,0.518,0.169,0,0,0
"7",19,"17NPRB001904S2S4",2017,"4","Female","3","mature",0.386,3.983,191,1.68,1.297,0.62,0.386,NA,NA,NA,1.68,1.297,0.62,0.386,0,0,0
"8",20,"17NPRB002004S2S5",2017,"4","Female","3","mature",0.27,2.998,180,1.247,0.916,0.565,0.27,NA,NA,NA,1.247,0.916,0.565,0.27,0,0,0
"9",25,"17NPRB002503S2S10",2017,"3","Female","3","mature",0.528,2.757,173,1.436,0.793,0.528,NA,NA,NA,NA,1.436,0.793,0.528,0,0,0,0
"10",28,"17NPRB002804S2S13",2017,"4","Female","3","mature",0.179,2.464,183,0.959,0.972,0.354,0.179,NA,NA,NA,0.959,0.972,0.354,0.179,0,0,0
"11",31,"17NPRB003104S3S1",2017,"4","Female","4","mature",0.521,2.786,185,0.883,1.382,0.521,NA,NA,NA,NA,0.883,1.382,0.521,0,0,0,0
"12",45,"17NPRB004503S3S15",2017,"3","Female","3","mature",0.667,3.337,194,1.752,0.918,0.667,NA,NA,NA,NA,1.752,0.918,0.667,0,0,0,0
"13",73,"17NPRB007304S5S13",2017,"4","Female","3","mature",0.215,3.226,192,1.494,1.002,0.515,0.215,NA,NA,NA,1.494,1.002,0.515,0.215,0,0,0
"14",84,"17NPRB008404S6S9",2017,"4","Female","3","mature",0.333,3.426,184,1.44,0.875,0.778,0.333,NA,NA,NA,1.44,0.875,0.778,0.333,0,0,0
"15",102,"17NPRB010204S7S12",2017,"4","Female","3","mature",0.538,4.927,188,2.402,0.977,1.01,0.538,NA,NA,NA,2.402,0.977,1.01,0.538,0,0,0
"16",129,"17NPRB012904S9S9",2017,"4","Female","3","mature",0.328,4.105,204,2.125,1.19,0.462,0.328,NA,NA,NA,2.125,1.19,0.462,0.328,0,0,0
"17",134,"17NPRB013404S9S14",2017,"4","Female","4","mature",0.601,5.242,192,2.229,1.408,1.004,0.601,NA,NA,NA,2.229,1.408,1.004,0.601,0,0,0
"18",135,"17NPRB013503S9S15",2017,"3","Female","3","mature",0.365,2.731,170,1.26,1.106,0.365,NA,NA,NA,NA,1.26,1.106,0.365,0,0,0,0
"19",142,"17NPRB014204S10S7",2017,"4","Female","4","mature",0.172,3.268,204,1.62,1.072,0.404,0.172,NA,NA,NA,1.62,1.072,0.404,0.172,0,0,0
"20",144,"17NPRB014404S10S9",2017,"4","Female","3","mature",0.253,3.562,187,1.776,1.078,0.455,0.253,NA,NA,NA,1.776,1.078,0.455,0.253,0,0,0
"21",145,"17NPRB014503S10S10",2017,"3","Female","3","mature",0.427,2.646,181,1.377,0.842,0.427,NA,NA,NA,NA,1.377,0.842,0.427,0,0,0,0
"22",150,"17NPRB015004S10S15",2017,"4","Female","3","mature",0.288,3.651,177,1.436,1.01,0.917,0.288,NA,NA,NA,1.436,1.01,0.917,0.288,0,0,0
"23",154,"17NPRB015404S11S4",2017,"4","Female","3","mature",0.435,5.162,196,2.256,1.504,0.967,0.435,NA,NA,NA,2.256,1.504,0.967,0.435,0,0,0
"24",156,"17NPRB015604S11S6",2017,"4","Female","4","mature",0.43,4.324,202,1.786,1.329,0.779,0.43,NA,NA,NA,1.786,1.329,0.779,0.43,0,0,0
"25",157,"17NPRB015703S11S7",2017,"3","Female","3","mature",0.677,3.958,185,2.147,1.134,0.677,NA,NA,NA,NA,2.147,1.134,0.677,0,0,0,0
"26",167,"17NPRB016704S12S2",2017,"4","Female","4","mature",0.391,4.338,197,1.762,1.614,0.571,0.391,NA,NA,NA,1.762,1.614,0.571,0.391,0,0,0
"27",176,"17NPRB017606S12S11",2017,"6","Female","4","mature",0.192,4.256,183,1.316,1.341,0.845,0.305,0.257,0.192,NA,1.316,1.341,0.845,0.305,0.257,0.192,0
"28",180,"17NPRB018003S12S15",2017,"3","Female","3","mature",0.759,4.109,183,2.127,1.223,0.759,NA,NA,NA,NA,2.127,1.223,0.759,0,0,0,0
"29",181,"17NPRB018104S13S1",2017,"4","Female","4","mature",0.369,4.734,202,2.275,1.299,0.791,0.369,NA,NA,NA,2.275,1.299,0.791,0.369,0,0,0
"30",188,"17NPRB018804S13S8",2017,"4","Female","3","mature",0.408,4.421,195,2.105,1.28,0.628,0.408,NA,NA,NA,2.105,1.28,0.628,0.408,0,0,0
"31",190,"17NPRB019006S13S10",2017,"6","Female","5","mature",0.265,3.683,197,1.018,0.797,0.635,0.331,0.637,0.265,NA,1.018,0.797,0.635,0.331,0.637,0.265,0
"32",191,"17NPRB019104S13S11",2017,"4","Female","3","mature",0.276,4.105,195,2.213,0.844,0.772,0.276,NA,NA,NA,2.213,0.844,0.772,0.276,0,0,0
"33",194,"17NPRB019404S13S14",2017,"4","Female","4","mature",0.342,4.215,189,2.206,0.993,0.674,0.342,NA,NA,NA,2.206,0.993,0.674,0.342,0,0,0
"34",196,"17NPRB019604S14S1",2017,"4","Female","3","mature",0.308,3.832,180,1.484,1.285,0.755,0.308,NA,NA,NA,1.484,1.285,0.755,0.308,0,0,0
"35",197,"17NPRB019704S14S2",2017,"4","Female","3","mature",0.746,3.575,194,1.831,0.998,0.746,NA,NA,NA,NA,1.831,0.998,0.746,0,0,0,0
"36",200,"17NPRB020003S14S5",2017,"3","Female","3","mature",0.556,3.616,183,1.987,1.073,0.556,NA,NA,NA,NA,1.987,1.073,0.556,0,0,0,0
"37",202,"17NPRB020203S14S7",2017,"3","Female","3","mature",0.576,4.596,190,2.54,1.48,0.576,NA,NA,NA,NA,2.54,1.48,0.576,0,0,0,0
"38",204,"17NPRB020404S14S9",2017,"4","Female","3","mature",0.284,3.542,195,1.541,1.313,0.404,0.284,NA,NA,NA,1.541,1.313,0.404,0.284,0,0,0
"39",212,"17NPRB021206S15S2",2017,"6","Female","4","mature",0.077,4.962,221,2.27,1.075,0.467,0.463,0.289,0.321,0.077,2.27,1.075,0.467,0.463,0.289,0.321,0.077
"40",216,"17NPRB021603S15S6",2017,"3","Female","3","mature",0.46,3.549,189,1.944,1.145,0.46,NA,NA,NA,NA,1.944,1.145,0.46,0,0,0,0
"41",218,"17NPRB021803S15S8",2017,"3","Female","4","mature",0.277,3.233,188,1.992,0.964,0.277,NA,NA,NA,NA,1.992,0.964,0.277,0,0,0,0
"42",220,"17NPRB022004S15S10",2017,"4","Female","3","mature",0.191,3.362,186,1.285,1.076,0.81,0.191,NA,NA,NA,1.285,1.076,0.81,0.191,0,0,0
"43",223,"17NPRB022306S15S13",2017,"6","Female","4","mature",0.126,4.306,207,1.859,1.116,0.735,0.313,0.157,0.126,NA,1.859,1.116,0.735,0.313,0.157,0.126,0
"44",227,"17NPRB022704S16S2",2017,"4","Female","3","mature",0.331,3.881,193,1.314,1.314,0.922,0.331,NA,NA,NA,1.314,1.314,0.922,0.331,0,0,0
"45",229,"17NPRB022904S16S4",2017,"4","Female","4","mature",0.32,4.354,200,1.896,1.499,0.639,0.32,NA,NA,NA,1.896,1.499,0.639,0.32,0,0,0
"46",233,"17NPRB023306S16S8",2017,"6","Female","4","mature",0.071,2.953,204,1.574,0.618,0.406,0.088,0.196,0.071,NA,1.574,0.618,0.406,0.088,0.196,0.071,0
"47",234,"17NPRB023404S16S9",2017,"4","Female","4","mature",0.169,3.426,195,1.962,1.074,0.221,0.169,NA,NA,NA,1.962,1.074,0.221,0.169,0,0,0
"48",235,"17NPRB023503S16S10",2017,"3","Female","3","mature",0.484,3.136,189,1.453,1.199,0.484,NA,NA,NA,NA,1.453,1.199,0.484,0,0,0,0
"49",239,"17NPRB023904S16S14",2017,"4","Female","3","mature",0.564,4.665,197,1.942,1.235,0.924,0.564,NA,NA,NA,1.942,1.235,0.924,0.564,0,0,0
"50",244,"17NPRB024405S17S4",2017,"5","Female","4","mature",0.315,4.174,194,1.207,1.531,0.686,0.435,0.315,NA,NA,1.207,1.531,0.686,0.435,0.315,0,0
"51",245,"17NPRB024504S17S5",2017,"4","Female","2","mature",0.411,3.719,179,1.551,1.243,0.514,0.411,NA,NA,NA,1.551,1.243,0.514,0.411,0,0,0
"52",247,"17NPRB024704S17S7",2017,"4","Female","3","mature",0.523,4.102,196,1.637,1.199,0.743,0.523,NA,NA,NA,1.637,1.199,0.743,0.523,0,0,0
"53",248,"17NPRB024806S17S8",2017,"6","Female","3","mature",0.156,4.316,196,1.089,1.504,0.679,0.624,0.264,0.156,NA,1.089,1.504,0.679,0.624,0.264,0.156,0
"54",249,"17NPRB024903S17S9",2017,"3","Female","4","mature",0.568,4.026,182,2.182,1.276,0.568,NA,NA,NA,NA,2.182,1.276,0.568,0,0,0,0
"55",255,"17NPRB025503S17S15",2017,"3","Female","3","mature",0.577,3.671,193,1.983,1.111,0.577,NA,NA,NA,NA,1.983,1.111,0.577,0,0,0,0
"56",257,"17NPRB025704S18S2",2017,"4","Female","3","mature",0.283,3.502,192,1.407,1.23,0.582,0.283,NA,NA,NA,1.407,1.23,0.582,0.283,0,0,0
"57",258,"17NPRB025803S18S3",2017,"3","Female","4","mature",0.594,3.356,177,1.672,1.09,0.594,NA,NA,NA,NA,1.672,1.09,0.594,0,0,0,0
"58",259,"17NPRB025906S18S4",2017,"6","Female","5","mature",0.141,4.938,211,1.663,1.493,0.792,0.468,0.381,0.141,NA,1.663,1.493,0.792,0.468,0.381,0.141,0
"59",262,"17NPRB026204S18S7",2017,"4","Female","3","mature",0.228,4.323,187,1.617,2.03,0.448,0.228,NA,NA,NA,1.617,2.03,0.448,0.228,0,0,0
"60",264,"17NPRB026404S18S9",2017,"4","Female","3","mature",0.607,5.152,200,2.015,1.698,0.832,0.607,NA,NA,NA,2.015,1.698,0.832,0.607,0,0,0
"61",266,"17NPRB026605S18S11",2017,"5","Female","3","mature",0.332,4.054,186,1.667,1.225,0.463,0.367,0.332,NA,NA,1.667,1.225,0.463,0.367,0.332,0,0
"62",268,"17NPRB026804S18S13",2017,"4","Female","4","mature",0.325,4.2,206,1.742,1.502,0.631,0.325,NA,NA,NA,1.742,1.502,0.631,0.325,0,0,0
"63",270,"17NPRB027006S18S15",2017,"6","Female","4","mature",0.129,3.067,191,1.024,0.81,0.702,0.228,0.174,0.129,NA,1.024,0.81,0.702,0.228,0.174,0.129,0
"64",272,"17NPRB027206S19S2",2017,"6","Female","3","mature",0.159,4.507,193,1.174,1.324,0.938,0.478,0.434,0.159,NA,1.174,1.324,0.938,0.478,0.434,0.159,0
"65",273,"17NPRB027305S19S3",2017,"5","Female","3","mature",0.257,4.229,186,1.835,1.205,0.61,0.322,0.257,NA,NA,1.835,1.205,0.61,0.322,0.257,0,0
"66",276,"17NPRB027603S19S6",2017,"3","Female","3","mature",0.645,4.531,192,2.167,1.719,0.645,NA,NA,NA,NA,2.167,1.719,0.645,0,0,0,0
"67",278,"17NPRB027805S19S8",2017,"5","Female","4","mature",0.207,4.995,194,1.911,1.565,0.83,0.482,0.207,NA,NA,1.911,1.565,0.83,0.482,0.207,0,0
"68",279,"17NPRB027906S19S9",2017,"6","Female","4","mature",0.26,4.458,215,1.635,1.323,0.667,0.349,0.224,0.26,NA,1.635,1.323,0.667,0.349,0.224,0.26,0
"69",280,"17NPRB028006S19S10",2017,"6","Female","4","mature",0.102,3.74,210,1.373,1.335,0.411,0.363,0.156,0.102,NA,1.373,1.335,0.411,0.363,0.156,0.102,0
"70",281,"17NPRB028106S19S11",2017,"6","Female","3","mature",0.157,4.019,204,1.55,1.176,0.497,0.401,0.238,0.157,NA,1.55,1.176,0.497,0.401,0.238,0.157,0
"71",282,"17NPRB028203S19S12",2017,"3","Female","3","mature",0.375,2.716,180,1.315,1.026,0.375,NA,NA,NA,NA,1.315,1.026,0.375,0,0,0,0
"72",284,"17NPRB028406S19S14",2017,"6","Female","3","mature",0.226,3.9,200,1.303,0.986,0.749,0.463,0.173,0.226,NA,1.303,0.986,0.749,0.463,0.173,0.226,0
"73",285,"17NPRB028503S19S15",2017,"3","Female","3","mature",0.661,3.986,179,1.674,1.651,0.661,NA,NA,NA,NA,1.674,1.651,0.661,0,0,0,0
"74",286,"17NPRB028603S20S1",2017,"3","Female","3","mature",0.353,4.53,198,2.226,1.951,0.353,NA,NA,NA,NA,2.226,1.951,0.353,0,0,0,0
"75",287,"17NPRB028704S20S2",2017,"4","Female","4","mature",0.481,4.335,193,1.906,1.011,0.937,0.481,NA,NA,NA,1.906,1.011,0.937,0.481,0,0,0
"76",288,"17NPRB028803S20S3",2017,"3","Female","3","mature",0.635,4.396,189,2.337,1.424,0.635,NA,NA,NA,NA,2.337,1.424,0.635,0,0,0,0
"77",292,"17NPRB029206S20S7",2017,"6","Female","4","mature",0.162,4.789,206,1.525,1.116,1.111,0.559,0.316,0.162,NA,1.525,1.116,1.111,0.559,0.316,0.162,0
"78",295,"17NPRB029505S20S10",2017,"5","Female","3","mature",0.421,4.144,202,1.674,0.976,0.678,0.395,0.421,NA,NA,1.674,0.976,0.678,0.395,0.421,0,0
"79",296,"17NPRB029606S20S11",2017,"6","Female","3","mature",0.216,4.641,196,1.66,1.473,0.503,0.587,0.202,0.216,NA,1.66,1.473,0.503,0.587,0.202,0.216,0
"80",297,"17NPRB029706S20S12",2017,"6","Female","4","mature",0.237,4.451,209,1.901,0.97,0.554,0.551,0.238,0.237,NA,1.901,0.97,0.554,0.551,0.238,0.237,0
"81",299,"17NPRB029904S20S14",2017,"4","Female","3","mature",0.576,4.253,211,2.264,0.895,0.518,0.576,NA,NA,NA,2.264,0.895,0.518,0.576,0,0,0
"82",302,"17NPRB030206S21S2",2017,"6","Female","3","mature",0.213,5.026,196,1.962,1.35,0.873,0.311,0.317,0.213,NA,1.962,1.35,0.873,0.311,0.317,0.213,0
"83",305,"17NPRB030506S21S5",2017,"6","Female","4","mature",0.149,5.61,211,1.802,1.845,0.772,0.465,0.577,0.149,NA,1.802,1.845,0.772,0.465,0.577,0.149,0
"84",310,"17NPRB031005S21S10",2017,"5","Female","4","mature",0.177,3.238,196,1.185,1.196,0.337,0.343,0.177,NA,NA,1.185,1.196,0.337,0.343,0.177,0,0
"85",312,"17NPRB031206S21S12",2017,"6","Female","3","mature",0.11,4.256,197,1.383,1.378,0.774,0.431,0.18,0.11,NA,1.383,1.378,0.774,0.431,0.18,0.11,0
"86",313,"17NPRB031306S21S13",2017,"6","Female","4","mature",0.289,5.799,221,2.076,1.857,0.825,0.379,0.373,0.289,NA,2.076,1.857,0.825,0.379,0.373,0.289,0
"87",318,"17NPRB031806S22S3",2017,"6","Female","4","mature",0.161,5.233,225,1.709,1.604,0.769,0.642,0.348,0.161,NA,1.709,1.604,0.769,0.642,0.348,0.161,0
"88",321,"17NPRB032106S22S6",2017,"6","Female","4","mature",0.246,4.751,191,1.471,1.716,0.793,0.29,0.235,0.246,NA,1.471,1.716,0.793,0.29,0.235,0.246,0
"89",323,"17NPRB032306S22S8",2017,"6","Female","3","mature",0.119,4.583,212,1.452,1.139,1.201,0.391,0.281,0.119,NA,1.452,1.139,1.201,0.391,0.281,0.119,0
"90",327,"17NPRB032706S22S12",2017,"6","Female","4","mature",0.235,5.334,219,1.903,1.746,0.856,0.398,0.196,0.235,NA,1.903,1.746,0.856,0.398,0.196,0.235,0
"91",331,"17NPRB033105S23S1",2017,"5","Female","3","mature",0.248,5.878,203,2.106,1.993,0.968,0.563,0.248,NA,NA,2.106,1.993,0.968,0.563,0.248,0,0
"92",332,"17NPRB033206S23S2",2017,"6","Female","3","mature",0.189,3.968,186,1.425,0.989,0.762,0.373,0.23,0.189,NA,1.425,0.989,0.762,0.373,0.23,0.189,0
"93",339,"17NPRB033905S23S9",2017,"5","Female","3","mature",0.148,4.388,204.12,1.699,1.495,0.861,0.185,0.148,NA,NA,1.699,1.495,0.861,0.185,0.148,0,0
"94",340,"17NPRB034005S23S10",2017,"5","Female","4","mature",0.186,3.882,203,1.734,0.997,0.672,0.293,0.186,NA,NA,1.734,0.997,0.672,0.293,0.186,0,0
"95",341,"17NPRB034106S23S11",2017,"6","Female","4","mature",0.141,5.043,211,1.827,1.137,0.97,0.555,0.413,0.141,NA,1.827,1.137,0.97,0.555,0.413,0.141,0
"96",343,"17NPRB034305S23S13",2017,"5","Female","3","mature",0.069,3.985,198,1.536,1.164,0.767,0.449,0.069,NA,NA,1.536,1.164,0.767,0.449,0.069,0,0
"97",345,"17NPRB034505S23S15",2017,"5","Female","3","mature",0.268,3.974,211,1.848,1.195,0.404,0.259,0.268,NA,NA,1.848,1.195,0.404,0.259,0.268,0,0
"98",346,"17NPRB034606S24S1",2017,"6","Female","3","mature",0.152,3.902,183,1.442,1.052,0.621,0.35,0.285,0.152,NA,1.442,1.052,0.621,0.35,0.285,0.152,0
"99",355,"17NPRB035506S24S10",2017,"6","Female","4","mature",0.17,4.765,218,1.627,1.365,0.89,0.33,0.383,0.17,NA,1.627,1.365,0.89,0.33,0.383,0.17,0
"100",362,"17NPRB036202S25S2",2017,"2","Female","1","immature",1.349,3.143,150.57,1.794,1.349,NA,NA,NA,NA,NA,1.794,1.349,0,0,0,0,0
"101",366,"17NPRB036605S25S6",2017,"5","Female","3","mature",0.084,3.352,183,1.711,0.813,0.397,0.347,0.084,NA,NA,1.711,0.813,0.397,0.347,0.084,0,0
"102",368,"17NPRB036805S25S8",2017,"5","Female","3","mature",0.168,3.562,172,0.896,1.261,0.707,0.53,0.168,NA,NA,0.896,1.261,0.707,0.53,0.168,0,0
"103",370,"17NPRB037005S25S10",2017,"5","Female","4","mature",0.155,4.346,191,2.251,1.157,0.523,0.26,0.155,NA,NA,2.251,1.157,0.523,0.26,0.155,0,0
"104",375,"17NPRB037506S25S15",2017,"6","Female","4","mature",0.134,3.492,186,1.29,0.995,0.724,0.21,0.139,0.134,NA,1.29,0.995,0.724,0.21,0.139,0.134,0
"105",376,"17NPRB037605S26S1",2017,"5","Female","4","mature",0.133,4.684,198,1.572,1.46,1.235,0.284,0.133,NA,NA,1.572,1.46,1.235,0.284,0.133,0,0
"106",384,"17NPRB038405S26S9",2017,"5","Female","3","mature",0.281,4.859,197,1.563,1.474,0.926,0.615,0.281,NA,NA,1.563,1.474,0.926,0.615,0.281,0,0
"107",388,"17NPRB038805S26S13",2017,"5","Female","4","mature",0.476,4.906,198,1.795,1.518,0.704,0.413,0.476,NA,NA,1.795,1.518,0.704,0.413,0.476,0,0
"108",400,"17NPRB040005S28S5",2017,"5","Female","3","mature",0.212,5.009,211,1.961,1.658,0.702,0.476,0.212,NA,NA,1.961,1.658,0.702,0.476,0.212,0,0
"109",409,"17NPRB040905S28S14",2017,"5","Female","5","mature",0.341,4.974,215,2.236,1.227,0.657,0.513,0.341,NA,NA,2.236,1.227,0.657,0.513,0.341,0,0
"110",419,"17NPRB041903S29S9",2017,"3","Female","1","immature",0.391,2.739,162,1.545,0.803,0.391,NA,NA,NA,NA,1.545,0.803,0.391,0,0,0,0
"111",427,"17NPRB042703S30S2",2017,"3","Female","1","immature",0.594,4.299,182,2.32,1.385,0.594,NA,NA,NA,NA,2.32,1.385,0.594,0,0,0,0
"112",433,"17NPRB043305S30S8",2017,"5","Female","4","mature",0.251,4.503,204,1.465,1.491,0.716,0.58,0.251,NA,NA,1.465,1.491,0.716,0.58,0.251,0,0
"113",435,"17NPRB043504S30S10",2017,"4","Female","1","immature",0.307,3.042,191,1.519,0.765,0.451,0.307,NA,NA,NA,1.519,0.765,0.451,0.307,0,0,0
"114",438,"17NPRB043805S30S13",2017,"5","Female","4","mature",0.154,3.805,194,1.516,1.176,0.593,0.366,0.154,NA,NA,1.516,1.176,0.593,0.366,0.154,0,0
"115",447,"17NPRB044702S31S7",2017,"2","Female","1","immature",1.224,3.868,160,2.644,1.224,NA,NA,NA,NA,NA,2.644,1.224,0,0,0,0,0
"116",448,"17NPRB044802S31S8",2017,"2","Female","1","immature",1.295,3.613,152,2.318,1.295,NA,NA,NA,NA,NA,2.318,1.295,0,0,0,0,0
"117",452,"17NPRB045202S31S12",2017,"2","Female","1","immature",1.059,2.931,162,1.872,1.059,NA,NA,NA,NA,NA,1.872,1.059,0,0,0,0,0
"118",455,"17NPRB045505S31S15",2017,"5","Female","4","mature",0.428,4.709,198,1.685,1.25,1.013,0.333,0.428,NA,NA,1.685,1.25,1.013,0.333,0.428,0,0
"119",459,"17NPRB045902S32S4",2017,"2","Female","1","immature",0.836,2.243,133,1.407,0.836,NA,NA,NA,NA,NA,1.407,0.836,0,0,0,0,0
"120",460,"17NPRB046002S32S5",2017,"2","Female","2","mature",0.961,3.287,167,2.326,0.961,NA,NA,NA,NA,NA,2.326,0.961,0,0,0,0,0
"121",461,"17NPRB046103S32S6",2017,"3","Female","1","immature",0.408,3.37,193,1.859,1.103,0.408,NA,NA,NA,NA,1.859,1.103,0.408,0,0,0,0
"122",463,"17NPRB046302S32S8",2017,"2","Female","1","immature",0.634,1.816,151,1.182,0.634,NA,NA,NA,NA,NA,1.182,0.634,0,0,0,0,0
"123",468,"17NPRB046802S32S13",2017,"2","Female","1","immature",1.235,3.143,150,1.908,1.235,NA,NA,NA,NA,NA,1.908,1.235,0,0,0,0,0
"124",471,"17NPRB047102S33S1",2017,"2","Female","3","mature",1.085,2.37,166,1.285,1.085,NA,NA,NA,NA,NA,1.285,1.085,0,0,0,0,0
"125",474,"17NPRB047402S33S4",2017,"2","Female","2","mature",1.332,3.651,161,2.319,1.332,NA,NA,NA,NA,NA,2.319,1.332,0,0,0,0,0
"126",476,"17NPRB047602S33S6",2017,"2","Female","1","immature",1.052,3.583,166,2.531,1.052,NA,NA,NA,NA,NA,2.531,1.052,0,0,0,0,0
"127",483,"17NPRB048306S33S13",2017,"6","Female","4","mature",0.153,3.658,185,1.468,1.202,0.466,0.26,0.109,0.153,NA,1.468,1.202,0.466,0.26,0.109,0.153,0
"128",484,"17NPRB048402S33S14",2017,"2","Female","1","immature",1.398,3.853,157,2.455,1.398,NA,NA,NA,NA,NA,2.455,1.398,0,0,0,0,0
"129",489,"17NPRB048904S34S4",2017,"4","Female","5","mature",0.239,3.606,192,1.818,1.146,0.403,0.239,NA,NA,NA,1.818,1.146,0.403,0.239,0,0,0
"130",491,"17NPRB049102S34S6",2017,"2","Female","1","immature",0.743,2.602,148,1.859,0.743,NA,NA,NA,NA,NA,1.859,0.743,0,0,0,0,0
"131",492,"17NPRB049205S34S7",2017,"5","Female","4","mature",0.288,5.075,205,1.735,1.584,0.853,0.615,0.288,NA,NA,1.735,1.584,0.853,0.615,0.288,0,0
"132",493,"17NPRB049302S34S8",2017,"2","Female","1","immature",1.3,3.524,152,2.224,1.3,NA,NA,NA,NA,NA,2.224,1.3,0,0,0,0,0
"133",501,"17NPRB050102S35S1",2017,"2","Female","1","immature",0.883,2.626,152,1.743,0.883,NA,NA,NA,NA,NA,1.743,0.883,0,0,0,0,0
"134",507,"17NPRB050702S35S7",2017,"2","Female","3","mature",1.045,3.321,166,2.276,1.045,NA,NA,NA,NA,NA,2.276,1.045,0,0,0,0,0
"135",509,"17NPRB050902S35S9",2017,"2","Female","2","mature",1.103,3.084,160,1.981,1.103,NA,NA,NA,NA,NA,1.981,1.103,0,0,0,0,0
"136",519,"17NPRB051902S36S4",2017,"2","Female","2","mature",1.587,4.13,168,2.543,1.587,NA,NA,NA,NA,NA,2.543,1.587,0,0,0,0,0
"137",521,"17NPRB052103S36S6",2017,"3","Female","1","immature",0.33,3.203,171,1.876,0.997,0.33,NA,NA,NA,NA,1.876,0.997,0.33,0,0,0,0
"138",530,"17NPRB053003S36S15",2017,"3","Female","2","mature",0.547,4.034,182,1.777,1.71,0.547,NA,NA,NA,NA,1.777,1.71,0.547,0,0,0,0
"139",548,"17NPRB054802S39S1",2017,"2","Female","1","immature",1.398,3.683,158,2.285,1.398,NA,NA,NA,NA,NA,2.285,1.398,0,0,0,0,0
"140",552,"17NPRB055202S39S5",2017,"2","Female","1","immature",1.297,3.143,146,1.846,1.297,NA,NA,NA,NA,NA,1.846,1.297,0,0,0,0,0
"141",563,"17NPRB056302S40S1",2017,"2","Female","1","immature",1.05,3.267,159,2.217,1.05,NA,NA,NA,NA,NA,2.217,1.05,0,0,0,0,0
"142",564,"17NPRB056402S40S2",2017,"2","Female","1","immature",1.645,3.201,133,1.556,1.645,NA,NA,NA,NA,NA,1.556,1.645,0,0,0,0,0
"143",565,"17NPRB056502S40S3",2017,"2","Female","2","mature",1.006,2.43,133,1.424,1.006,NA,NA,NA,NA,NA,1.424,1.006,0,0,0,0,0
"144",566,"17NPRB056602S40S4",2017,"2","Female","1","immature",1.176,3.503,158,2.327,1.176,NA,NA,NA,NA,NA,2.327,1.176,0,0,0,0,0
"145",568,"17NPRB056802S40S6",2017,"2","Female","1","immature",1.599,3.187,152,1.588,1.599,NA,NA,NA,NA,NA,1.588,1.599,0,0,0,0,0
"146",569,"17NPRB056902S40S7",2017,"2","Female","1","immature",1.594,3.984,143,2.39,1.594,NA,NA,NA,NA,NA,2.39,1.594,0,0,0,0,0
"147",571,"17NPRB057102S40S9",2017,"2","Female","1","immature",1.159,3.133,149,1.974,1.159,NA,NA,NA,NA,NA,1.974,1.159,0,0,0,0,0
"148",572,"17NPRB057202S40S10",2017,"2","Female","1","immature",1.086,2.648,141,1.562,1.086,NA,NA,NA,NA,NA,1.562,1.086,0,0,0,0,0
"149",576,"17NPRB057602S40S14",2017,"2","Female","1","immature",0.97,2.663,133,1.693,0.97,NA,NA,NA,NA,NA,1.693,0.97,0,0,0,0,0
"150",583,"17NPRB058302S41S6",2017,"2","Female","1","immature",1.065,2.747,144,1.682,1.065,NA,NA,NA,NA,NA,1.682,1.065,0,0,0,0,0
"151",585,"17NPRB058502S41S8",2017,"2","Female","1","immature",1.287,2.715,124,1.428,1.287,NA,NA,NA,NA,NA,1.428,1.287,0,0,0,0,0
"152",587,"17NPRB058702S41S10",2017,"2","Female","1","immature",1.596,4.071,160,2.475,1.596,NA,NA,NA,NA,NA,2.475,1.596,0,0,0,0,0
"153",595,"17NPRB059502S42S3",2017,"2","Female","1","immature",1.238,3.616,150,2.378,1.238,NA,NA,NA,NA,NA,2.378,1.238,0,0,0,0,0
"154",600,"17NPRB060002S42S8",2017,"2","Female","1","immature",1.422,2.886,139,1.464,1.422,NA,NA,NA,NA,NA,1.464,1.422,0,0,0,0,0
"155",605,"17NPRB060502S42S13",2017,"2","Female","1","immature",1.525,3.034,136,1.509,1.525,NA,NA,NA,NA,NA,1.509,1.525,0,0,0,0,0
"156",610,"17NPRB061002S43S3",2017,"2","Female","1","immature",1.324,3.842,152,2.518,1.324,NA,NA,NA,NA,NA,2.518,1.324,0,0,0,0,0
"157",616,"17NPRB061602S43S9",2017,"2","Female","1","immature",1.176,2.845,141,1.669,1.176,NA,NA,NA,NA,NA,1.669,1.176,0,0,0,0,0
"158",617,"17NPRB061702S43S10",2017,"2","Female","1","immature",0.846,2.83,155,1.984,0.846,NA,NA,NA,NA,NA,1.984,0.846,0,0,0,0,0
"159",625,"17NPRB062502S44S3",2017,"2","Female","1","immature",1.121,2.61,134,1.489,1.121,NA,NA,NA,NA,NA,1.489,1.121,0,0,0,0,0
"160",626,"17NPRB062602S44S4",2017,"2","Female","1","immature",1.322,3.145,140,1.823,1.322,NA,NA,NA,NA,NA,1.823,1.322,0,0,0,0,0
"161",628,"17NPRB062802S44S6",2017,"2","Female","1","immature",1.688,3.408,137,1.72,1.688,NA,NA,NA,NA,NA,1.72,1.688,0,0,0,0,0
"162",632,"17NPRB063202S44S10",2017,"2","Female","1","immature",1.632,4.26,179,2.628,1.632,NA,NA,NA,NA,NA,2.628,1.632,0,0,0,0,0
"163",634,"17NPRB063402S44S12",2017,"2","Female","1","immature",1.245,3.257,141,2.012,1.245,NA,NA,NA,NA,NA,2.012,1.245,0,0,0,0,0
"164",636,"17NPRB063602S44S14",2017,"2","Female","1","immature",1.504,3.311,144,1.807,1.504,NA,NA,NA,NA,NA,1.807,1.504,0,0,0,0,0
"165",637,"17NPRB063702S44S15",2017,"2","Female","1","immature",1.265,3.31,147,2.045,1.265,NA,NA,NA,NA,NA,2.045,1.265,0,0,0,0,0
"166",638,"17NPRB063803S45S1",2017,"3","Female","1","immature",0.208,2.189,160,1.234,0.747,0.208,NA,NA,NA,NA,1.234,0.747,0.208,0,0,0,0
"167",639,"17NPRB063902S45S2",2017,"2","Female","1","immature",1.183,3.492,157,2.309,1.183,NA,NA,NA,NA,NA,2.309,1.183,0,0,0,0,0
"168",640,"17NPRB064002S45S3",2017,"2","Female","1","immature",0.998,2.869,145,1.871,0.998,NA,NA,NA,NA,NA,1.871,0.998,0,0,0,0,0
"169",642,"17NPRB064202S45S5",2017,"2","Female","1","immature",1.453,3.254,141,1.801,1.453,NA,NA,NA,NA,NA,1.801,1.453,0,0,0,0,0
"170",645,"17NPRB064502S45S8",2017,"2","Female","1","immature",1.452,3.092,140,1.64,1.452,NA,NA,NA,NA,NA,1.64,1.452,0,0,0,0,0
"171",647,"17NPRB064702S45S10",2017,"2","Female","1","immature",1.452,2.966,134,1.514,1.452,NA,NA,NA,NA,NA,1.514,1.452,0,0,0,0,0
"172",648,"17NPRB064802S45S11",2017,"2","Female","1","immature",1.317,4.009,152,2.692,1.317,NA,NA,NA,NA,NA,2.692,1.317,0,0,0,0,0
"173",650,"17NPRB065002S45S13",2017,"2","Female","1","immature",1.048,3.411,149,2.363,1.048,NA,NA,NA,NA,NA,2.363,1.048,0,0,0,0,0
"174",651,"17NPRB065102S45S14",2017,"2","Female","1","immature",1.511,3.551,149,2.04,1.511,NA,NA,NA,NA,NA,2.04,1.511,0,0,0,0,0
"175",654,"17NPRB065402S46S2",2017,"2","Female","1","immature",1.321,3.703,156,2.382,1.321,NA,NA,NA,NA,NA,2.382,1.321,0,0,0,0,0
"176",656,"17NPRB065602S46S4",2017,"2","Female","1","immature",1.225,3.013,151,1.788,1.225,NA,NA,NA,NA,NA,1.788,1.225,0,0,0,0,0
"177",658,"17NPRB065802S46S6",2017,"2","Female","1","immature",1.408,3.401,153,1.993,1.408,NA,NA,NA,NA,NA,1.993,1.408,0,0,0,0,0
"178",661,"17NPRB066102S46S9",2017,"2","Female","1","immature",1.298,3.346,131,2.048,1.298,NA,NA,NA,NA,NA,2.048,1.298,0,0,0,0,0
"179",662,"17NPRB066202S46S10",2017,"2","Female","1","immature",1.252,3.709,155,2.457,1.252,NA,NA,NA,NA,NA,2.457,1.252,0,0,0,0,0
"180",668,"17NPRB066802S47S1",2017,"2","Female","2","mature",0.842,2.382,136,1.54,0.842,NA,NA,NA,NA,NA,1.54,0.842,0,0,0,0,0
"181",670,"17NPRB067002S47S3",2017,"2","Female","2","mature",1.215,3.316,162,2.101,1.215,NA,NA,NA,NA,NA,2.101,1.215,0,0,0,0,0
"182",671,"17NPRB067103S47S4",2017,"3","Female","1","immature",0.717,3.719,175,1.794,1.208,0.717,NA,NA,NA,NA,1.794,1.208,0.717,0,0,0,0
"183",685,"17NPRB068502S48S3",2017,"2","Female","2","mature",0.931,2.615,160,1.684,0.931,NA,NA,NA,NA,NA,1.684,0.931,0,0,0,0,0
"184",691,"17NPRB069102S48S9",2017,"2","Female","2","mature",1.329,3.498,164,2.169,1.329,NA,NA,NA,NA,NA,2.169,1.329,0,0,0,0,0
"185",695,"17NPRB069503S48S13",2017,"3","Female","1","immature",0.471,3.963,160,2.543,0.949,0.471,NA,NA,NA,NA,2.543,0.949,0.471,0,0,0,0
"186",696,"17NPRB069602S48S14",2017,"2","Female","1","immature",1.292,3.087,149,1.795,1.292,NA,NA,NA,NA,NA,1.795,1.292,0,0,0,0,0
"187",701,"17NPRB070103S49S4",2017,"3","Female","1","immature",0.591,3.421,152,1.476,1.354,0.591,NA,NA,NA,NA,1.476,1.354,0.591,0,0,0,0
"188",704,"17NPRB070403S49S7",2017,"3","Female","3","mature",0.439,3.28,181,1.569,1.272,0.439,NA,NA,NA,NA,1.569,1.272,0.439,0,0,0,0
"189",705,"17NPRB070503S49S8",2017,"3","Female","1","immature",0.666,4.091,180,1.698,1.727,0.666,NA,NA,NA,NA,1.698,1.727,0.666,0,0,0,0
"190",708,"17NPRB070803S49S11",2017,"3","Female","2","mature",0.507,3.786,167,1.865,1.414,0.507,NA,NA,NA,NA,1.865,1.414,0.507,0,0,0,0
"191",711,"17NPRB071102S49S14",2017,"2","Female","2","mature",1.213,3.12,157,1.907,1.213,NA,NA,NA,NA,NA,1.907,1.213,0,0,0,0,0
"192",712,"17NPRB071203S49S15",2017,"3","Female","1","immature",0.728,3.054,166,1.06,1.266,0.728,NA,NA,NA,NA,1.06,1.266,0.728,0,0,0,0
"193",715,"17NPRB071503S50S3",2017,"3","Female","1","immature",0.662,3.922,171,1.895,1.365,0.662,NA,NA,NA,NA,1.895,1.365,0.662,0,0,0,0
"194",716,"17NPRB071603S50S4",2017,"3","Female","1","immature",0.795,4.829,185,2.579,1.455,0.795,NA,NA,NA,NA,2.579,1.455,0.795,0,0,0,0
"195",724,"17NPRB072403S50S12",2017,"3","Female","3","mature",0.823,3.565,166,1.634,1.108,0.823,NA,NA,NA,NA,1.634,1.108,0.823,0,0,0,0
"196",727,"17NPRB072703S50S15",2017,"3","Female","3","mature",0.9,4.435,177,2.048,1.487,0.9,NA,NA,NA,NA,2.048,1.487,0.9,0,0,0,0
"197",728,"17NPRB072803S51S1",2017,"3","Female","1","immature",0.588,4.075,173,1.819,1.668,0.588,NA,NA,NA,NA,1.819,1.668,0.588,0,0,0,0
"198",731,"17NPRB073103S51S4",2017,"3","Female","1","immature",0.289,3.986,176,1.886,1.811,0.289,NA,NA,NA,NA,1.886,1.811,0.289,0,0,0,0
"199",732,"17NPRB073203S51S5",2017,"3","Female","1","immature",0.68,3.677,159,1.649,1.348,0.68,NA,NA,NA,NA,1.649,1.348,0.68,0,0,0,0
"200",733,"17NPRB073303S51S6",2017,"3","Female","1","immature",0.461,3.306,173,1.454,1.391,0.461,NA,NA,NA,NA,1.454,1.391,0.461,0,0,0,0
"201",734,"17NPRB073403S51S7",2017,"3","Female","1","immature",0.833,3.644,179,1.48,1.331,0.833,NA,NA,NA,NA,1.48,1.331,0.833,0,0,0,0
"202",736,"17NPRB073603S51S9",2017,"3","Female","1","immature",0.68,3.819,179,1.504,1.635,0.68,NA,NA,NA,NA,1.504,1.635,0.68,0,0,0,0
"203",737,"17NPRB073703S51S10",2017,"3","Female","1","immature",0.77,4.348,182,2.037,1.541,0.77,NA,NA,NA,NA,2.037,1.541,0.77,0,0,0,0
"204",738,"17NPRB073803S51S11",2017,"3","Female","1","immature",0.615,4.298,168,1.95,1.733,0.615,NA,NA,NA,NA,1.95,1.733,0.615,0,0,0,0
"205",740,"17NPRB074003S51S13",2017,"3","Female","3","mature",0.601,3.081,170,1.388,1.092,0.601,NA,NA,NA,NA,1.388,1.092,0.601,0,0,0,0
"206",742,"17NPRB074203S51S15",2017,"3","Female","1","immature",0.493,3.372,164,1.46,1.419,0.493,NA,NA,NA,NA,1.46,1.419,0.493,0,0,0,0
"207",749,"17NPRB074903S52S7",2017,"3","Female","2","mature",0.543,3.54,183,1.824,1.173,0.543,NA,NA,NA,NA,1.824,1.173,0.543,0,0,0,0
"208",752,"17NPRB075203S52S10",2017,"3","Female","1","immature",0.855,4.428,174,1.491,2.082,0.855,NA,NA,NA,NA,1.491,2.082,0.855,0,0,0,0
"209",753,"17NPRB075303S52S11",2017,"3","Female","1","immature",0.624,3.243,162,1.679,0.94,0.624,NA,NA,NA,NA,1.679,0.94,0.624,0,0,0,0
"210",756,"17NPRB075603S52S14",2017,"3","Female","2","mature",0.499,3.792,179,1.932,1.361,0.499,NA,NA,NA,NA,1.932,1.361,0.499,0,0,0,0
